rightUp,rightHip,rightHand,rightLeg,leftUp,leftHip,leftHnad,leftLeg,frame,workout
98.99941226118558,165.21890393272415,170.54667155699804,173.78871037036035,-97.73678028092732,194.20871513267718,-171.6874107957995,186.65737323840548,-1,0
99.94048635609508,165.14137226306616,171.1271226270492,174.06834363271645,-98.451395370177,194.33894915630464,-171.30238512192497,185.82635395186807,-1,0
100.616513936413,165.11588165772116,170.98114834923194,174.12511714109053,-98.78922007798181,194.48201760348604,-170.63112549371192,185.11210041507556,-1,0
100.82021623502581,165.83945126044526,171.61708793482907,174.229477680122,-99.52804071793135,194.5082501905556,-170.99304688808542,184.90790317055433,-1,0
100.93257984679266,165.99747011259763,171.46536584920406,174.6184650928731,-100.10878752766469,194.89295688559045,-171.12819780331165,184.35293653481554,-1,0
100.73052854698989,165.83737560739615,172.04338434340767,175.49590163241342,-100.87108686246609,195.50828844676647,-171.24577096488937,184.35771323544918,-1,0